{
	"Version": 3,
	"FileReferences": {
		"Moc": "cat.moc3",
		"Textures": [
			"cat.2048/texture_00.png"
		],
		"Physics": "cat.physics3.json",
		"DisplayInfo": "cat.cdi3.json",
		"Expressions": [
			{
				"Name": "live2d_expression0.exp3.json",
				"File": "live2d_expression0.exp3.json"
			},
			{
				"Name": "live2d_expression1.exp3.json",
				"File": "live2d_expression1.exp3.json"
			}
		],
                                "Motions": {
			"CAT_motion": [
				{
					"File": "Ultimate.motion3.json",
					"Sound": "Ultimate.wav",
					"FadeInTime": 0,
					"FadeOutTime": 0
				}
			]
		}
	},
	"Groups": [
		{
			"Target": "Parameter",
			"Name": "LipSync",
			"Ids": []
		},
		{
			"Target": "Parameter",
			"Name": "EyeBlink",
			"Ids": [
				"ParamEyeLOpen",
				"ParamEyeROpen"
			]
		}
	]
}