{
	"Version": 3,
	"Parameters": [
		{
			"Id": "ParamAngleX",
			"GroupId": "",
			"Name": "角度 X"
		},
		{
			"Id": "ParamAngleY",
			"GroupId": "",
			"Name": "角度 Y"
		},
		{
			"Id": "ParamAngleZ",
			"GroupId": "",
			"Name": "角度 Z"
		},
		{
			"Id": "ParamMouseX",
			"GroupId": "",
			"Name": "MX"
		},
		{
			"Id": "ParamMouseY",
			"GroupId": "",
			"Name": "MY"
		},
		{
			"Id": "ParamMouseLeftDown",
			"GroupId": "",
			"Name": "MLD"
		},
		{
			"Id": "ParamMouseRightDown",
			"GroupId": "",
			"Name": "MRD"
		},
		{
			"Id": "CatParamLeftHandDown",
			"GroupId": "",
			"Name": "KD"
		},
		{
			"Id": "Param2",
			"GroupId": "",
			"Name": "嘴"
		},
		{
			"Id": "Param",
			"GroupId": "",
			"Name": "害羞嘴"
		},
		{
			"Id": "Param3",
			"GroupId": "",
			"Name": "害羞"
		},
		{
			"Id": "ParamEyeLOpen",
			"GroupId": "",
			"Name": "左眼　开闭"
		},
		{
			"Id": "ParamEyeROpen",
			"GroupId": "",
			"Name": "右眼"
		},
		{
			"Id": "Param4",
			"GroupId": "",
			"Name": "拔刀胸口"
		},
		{
			"Id": "Param5",
			"GroupId": "",
			"Name": "光1"
		},
		{
			"Id": "Param6",
			"GroupId": "",
			"Name": "刀-1"
		},
		{
			"Id": "Param7",
			"GroupId": "",
			"Name": "刀-2"
		},
		{
			"Id": "Param8",
			"GroupId": "",
			"Name": "爆发-1"
		},
		{
			"Id": "Param10",
			"GroupId": "",
			"Name": "爆发"
		},
		{
			"Id": "Param15",
			"GroupId": "",
			"Name": "爆发-3"
		},
		{
			"Id": "Param9",
			"GroupId": "",
			"Name": "爆发-2"
		},
		{
			"Id": "Param16",
			"GroupId": "",
			"Name": "爆发嘴"
		},
		{
			"Id": "Param11",
			"GroupId": "",
			"Name": "双眼拔刀"
		},
		{
			"Id": "Param12",
			"GroupId": "",
			"Name": "键盘拔刀"
		},
		{
			"Id": "ParamEyeLSmile",
			"GroupId": "",
			"Name": "左眼　微笑"
		},
		{
			"Id": "ParamEyeRSmile",
			"GroupId": "",
			"Name": "右眼　微笑"
		},
		{
			"Id": "ParamEyeBallX",
			"GroupId": "",
			"Name": "眼球 X"
		},
		{
			"Id": "ParamEyeBallY",
			"GroupId": "",
			"Name": "眼球 Y"
		},
		{
			"Id": "ParamBrowLY",
			"GroupId": "",
			"Name": "左眉上下"
		},
		{
			"Id": "ParamBrowRY",
			"GroupId": "",
			"Name": "右眉　上下"
		},
		{
			"Id": "ParamBrowLX",
			"GroupId": "",
			"Name": "左眉　左右"
		},
		{
			"Id": "ParamBrowRX",
			"GroupId": "",
			"Name": "右眉　左右"
		},
		{
			"Id": "ParamBrowLAngle",
			"GroupId": "",
			"Name": "左眉　角度"
		},
		{
			"Id": "ParamBrowRAngle",
			"GroupId": "",
			"Name": "右眉　角度"
		},
		{
			"Id": "ParamBrowLForm",
			"GroupId": "",
			"Name": "左眉　変形"
		},
		{
			"Id": "ParamBrowRForm",
			"GroupId": "",
			"Name": "右眉　変形"
		},
		{
			"Id": "ParamMouthForm",
			"GroupId": "",
			"Name": "嘴部　变形"
		},
		{
			"Id": "ParamMouthOpenY",
			"GroupId": "",
			"Name": "嘴巴　张开和闭合"
		},
		{
			"Id": "ParamCheek",
			"GroupId": "",
			"Name": "脸颊"
		},
		{
			"Id": "ParamBodyAngleX",
			"GroupId": "",
			"Name": "身体旋转　X"
		},
		{
			"Id": "ParamBodyAngleY",
			"GroupId": "",
			"Name": "身体旋转　Y"
		},
		{
			"Id": "ParamBodyAngleZ",
			"GroupId": "",
			"Name": "身体旋转　Z"
		},
		{
			"Id": "ParamBreath",
			"GroupId": "",
			"Name": "呼吸"
		},
		{
			"Id": "Param14",
			"GroupId": "",
			"Name": "绳结"
		},
		{
			"Id": "ParamHairFront",
			"GroupId": "",
			"Name": "摇动　前发"
		},
		{
			"Id": "ParamHairSide",
			"GroupId": "",
			"Name": "摇动　耳朵"
		},
		{
			"Id": "Param13",
			"GroupId": "",
			"Name": "耳朵2"
		},
		{
			"Id": "ParamHairBack",
			"GroupId": "",
			"Name": "摇动　后发"
		},
		{
			"Id": "Param_Angle_Rotation_2_ArtMesh22",
			"GroupId": "ParamGroup2",
			"Name": "[1]侧发左2"
		},
		{
			"Id": "Param_Angle_Rotation_3_ArtMesh22",
			"GroupId": "ParamGroup2",
			"Name": "[2]侧发左2"
		},
		{
			"Id": "Param_Angle_Rotation_4_ArtMesh22",
			"GroupId": "ParamGroup2",
			"Name": "[3]侧发左2"
		},
		{
			"Id": "Param_Angle_Rotation_5_ArtMesh22",
			"GroupId": "ParamGroup2",
			"Name": "[4]侧发左2"
		},
		{
			"Id": "Param_Angle_Rotation_6_ArtMesh22",
			"GroupId": "ParamGroup2",
			"Name": "[5]侧发左2"
		},
		{
			"Id": "Param_Angle_Rotation_4_ArtMesh14",
			"GroupId": "ParamGroup3",
			"Name": "[3]侧发右1"
		},
		{
			"Id": "Param_Angle_Rotation_5_ArtMesh14",
			"GroupId": "ParamGroup3",
			"Name": "[4]侧发右1"
		},
		{
			"Id": "Param_Angle_Rotation_6_ArtMesh14",
			"GroupId": "ParamGroup3",
			"Name": "[5]侧发右1"
		},
		{
			"Id": "Param_Angle_Rotation_7_ArtMesh14",
			"GroupId": "ParamGroup3",
			"Name": "[6]侧发右1"
		},
		{
			"Id": "Param_Angle_Rotation_8_ArtMesh14",
			"GroupId": "ParamGroup3",
			"Name": "[7]侧发右1"
		},
		{
			"Id": "Param_Angle_Rotation_6_ArtMesh21",
			"GroupId": "ParamGroup",
			"Name": "[5]侧发左1"
		},
		{
			"Id": "Param_Angle_Rotation_7_ArtMesh21",
			"GroupId": "ParamGroup",
			"Name": "[6]侧发左1"
		},
		{
			"Id": "Param_Angle_Rotation_8_ArtMesh21",
			"GroupId": "ParamGroup",
			"Name": "[7]侧发左1"
		},
		{
			"Id": "Param_Angle_Rotation_9_ArtMesh21",
			"GroupId": "ParamGroup",
			"Name": "[8]侧发左1"
		},
		{
			"Id": "Param_Angle_Rotation_5_ArtMesh18",
			"GroupId": "ParamGroup4",
			"Name": "[4]刘海左3"
		},
		{
			"Id": "Param_Angle_Rotation_6_ArtMesh18",
			"GroupId": "ParamGroup4",
			"Name": "[5]刘海左3"
		},
		{
			"Id": "Param_Angle_Rotation_7_ArtMesh18",
			"GroupId": "ParamGroup4",
			"Name": "[6]刘海左3"
		}
	],
	"ParameterGroups": [
		{
			"Id": "ParamGroup2",
			"GroupId": "",
			"Name": "侧发左2"
		},
		{
			"Id": "ParamGroup3",
			"GroupId": "",
			"Name": "侧发右1"
		},
		{
			"Id": "ParamGroup",
			"GroupId": "",
			"Name": "侧发左1"
		},
		{
			"Id": "ParamGroup4",
			"GroupId": "",
			"Name": "刘海左3"
		}
	],
	"Parts": [
		{
			"Id": "Part6",
			"Name": "雷神 cat.psd(未找到对应图层)"
		},
		{
			"Id": "Part",
			"Name": "雷神 cat.psd(未找到对应图层)"
		},
		{
			"Id": "ArtMesh14_Skinning",
			"Name": "侧发右1(蒙皮)"
		},
		{
			"Id": "Part2",
			"Name": "侧发右1(回转)"
		},
		{
			"Id": "ArtMesh18_Skinning",
			"Name": "刘海左3(蒙皮)"
		},
		{
			"Id": "Part5",
			"Name": "刘海左3(回转)"
		},
		{
			"Id": "ArtMesh21_Skinning",
			"Name": "侧发左1(蒙皮)"
		},
		{
			"Id": "Part4",
			"Name": "侧发左1(回转)"
		},
		{
			"Id": "ArtMesh22_Skinning",
			"Name": "侧发左2(蒙皮)"
		},
		{
			"Id": "Part3",
			"Name": "侧发左2(回转)"
		}
	]
}