{
	"Version": 3,
	"Meta": {
		"Duration": 8.967,
		"Fps": 30.0,
		"Loop": true,
		"AreBeziersRestricted": true,
		"CurveCount": 14,
		"TotalSegmentCount": 92,
		"TotalPointCount": 238,
		"UserDataCount": 0,
		"TotalUserDataSize": 0
	},
	"Curves": [
		{
			"Target": "Parameter",
			"Id": "Param2",
			"Segments": [
				0,
				0,
				0,
				0.067,
				0,
				1,
				0.111,
				0,
				0.156,
				1,
				0.2,
				1,
				1,
				0.333,
				1,
				0.467,
				1,
				0.6,
				1,
				1,
				0.622,
				1,
				0.644,
				0,
				0.667,
				0,
				1,
				0.956,
				0,
				1.244,
				0,
				1.533,
				0,
				1,
				1.567,
				0,
				1.6,
				1,
				1.633,
				1,
				1,
				1.867,
				1,
				2.1,
				1,
				2.333,
				1,
				1,
				2.378,
				1,
				2.422,
				0,
				2.467,
				0,
				0,
				8.967,
				0
			]
		},
		{
			"Target": "Parameter",
			"Id": "ParamEyeLOpen",
			"Segments": [
				0,
				1,
				1,
				0.056,
				1,
				0.111,
				0,
				0.167,
				0,
				1,
				0.378,
				0,
				0.589,
				0,
				0.8,
				0,
				1,
				0.833,
				0,
				0.867,
				1,
				0.9,
				1,
				1,
				3.1,
				1,
				5.3,
				1,
				7.5,
				1,
				1,
				7.556,
				1,
				7.611,
				0,
				7.667,
				0,
				1,
				7.944,
				0,
				8.222,
				0,
				8.5,
				0,
				1,
				8.578,
				0,
				8.656,
				1,
				8.733,
				1,
				0,
				8.967,
				1
			]
		},
		{
			"Target": "Parameter",
			"Id": "ParamEyeROpen",
			"Segments": [
				0,
				1,
				1,
				0.056,
				1,
				0.111,
				0,
				0.167,
				0,
				1,
				0.378,
				0,
				0.589,
				0,
				0.8,
				0,
				1,
				0.833,
				0,
				0.867,
				1,
				0.9,
				1,
				1,
				3.1,
				1,
				5.3,
				1,
				7.5,
				1,
				1,
				7.556,
				1,
				7.611,
				0,
				7.667,
				0,
				1,
				7.944,
				0,
				8.222,
				0,
				8.5,
				0,
				1,
				8.578,
				0,
				8.656,
				1,
				8.733,
				1,
				0,
				8.967,
				1
			]
		},
		{
			"Target": "Parameter",
			"Id": "Param4",
			"Segments": [
				0,
				-30,
				0,
				0.4,
				-30,
				1,
				0.456,
				-30,
				0.511,
				30,
				0.567,
				30,
				1,
				0.7,
				30,
				0.833,
				30,
				0.967,
				30,
				1,
				1.022,
				30,
				1.078,
				24.426,
				1.133,
				1,
				1,
				1.156,
				-8.371,
				1.178,
				-30,
				1.2,
				-30,
				0,
				8.967,
				-30
			]
		},
		{
			"Target": "Parameter",
			"Id": "Param5",
			"Segments": [
				0,
				-30,
				0,
				0.2,
				-30,
				1,
				0.222,
				-30,
				0.244,
				-18.354,
				0.267,
				-15,
				1,
				0.344,
				-3.26,
				0.422,
				3.26,
				0.5,
				15,
				1,
				0.522,
				18.354,
				0.544,
				30,
				0.567,
				30,
				0,
				8.967,
				30
			]
		},
		{
			"Target": "Parameter",
			"Id": "Param6",
			"Segments": [
				0,
				-30,
				0,
				0.6,
				-30,
				1,
				0.611,
				-30,
				0.622,
				-17.069,
				0.633,
				-15,
				1,
				0.667,
				-8.794,
				0.7,
				-6.712,
				0.733,
				0,
				1,
				0.756,
				4.475,
				0.778,
				15,
				0.8,
				15,
				1,
				0.822,
				15,
				0.844,
				15,
				0.867,
				15,
				1,
				0.933,
				15,
				1,
				14.972,
				1.067,
				30,
				1,
				1.111,
				40.019,
				1.156,
				120,
				1.2,
				120,
				0,
				8.967,
				120
			]
		},
		{
			"Target": "Parameter",
			"Id": "Param7",
			"Segments": [
				0,
				-30,
				0,
				0.733,
				-30,
				1,
				0.744,
				-30,
				0.756,
				1,
				0.767,
				1,
				1,
				0.856,
				1,
				0.944,
				0,
				1.033,
				0,
				1,
				1.044,
				0,
				1.056,
				30,
				1.067,
				30,
				0,
				8.967,
				30
			]
		},
		{
			"Target": "Parameter",
			"Id": "Param8",
			"Segments": [
				0,
				-30,
				0,
				1.3,
				-30,
				1,
				1.311,
				-30,
				1.322,
				-2.752,
				1.333,
				0,
				1,
				1.422,
				22.016,
				1.511,
				30,
				1.6,
				30,
				1,
				1.711,
				30,
				1.822,
				30,
				1.933,
				30,
				1,
				2.011,
				30,
				2.089,
				24.005,
				2.167,
				0,
				1,
				2.2,
				-10.288,
				2.233,
				-30,
				2.267,
				-30,
				0,
				8.967,
				-30
			]
		},
		{
			"Target": "Parameter",
			"Id": "Param10",
			"Segments": [
				0,
				-45,
				0,
				1.133,
				-45,
				1,
				1.144,
				-45,
				1.156,
				-33.977,
				1.167,
				-30,
				1,
				1.2,
				-18.07,
				1.233,
				-10,
				1.267,
				0,
				1,
				1.3,
				10,
				1.333,
				18.07,
				1.367,
				30,
				1,
				1.378,
				33.977,
				1.389,
				45,
				1.4,
				45,
				0,
				8.967,
				45
			]
		},
		{
			"Target": "Parameter",
			"Id": "Param15",
			"Segments": [
				0,
				0,
				0,
				1.3,
				0,
				1,
				1.311,
				0,
				1.322,
				1,
				1.333,
				1,
				1,
				1.611,
				1,
				1.889,
				1,
				2.167,
				1,
				1,
				2.189,
				1,
				2.211,
				0,
				2.233,
				0,
				0,
				8.967,
				0
			]
		},
		{
			"Target": "Parameter",
			"Id": "Param9",
			"Segments": [
				0,
				-30,
				0,
				1.3,
				-30,
				1,
				1.344,
				-30,
				1.389,
				-3.9,
				1.433,
				0,
				1,
				1.689,
				22.424,
				1.944,
				30,
				2.2,
				30,
				0,
				8.967,
				30
			]
		},
		{
			"Target": "Parameter",
			"Id": "Param16",
			"Segments": [
				0,
				0,
				0,
				0.1,
				0,
				1,
				0.133,
				0,
				0.167,
				1,
				0.2,
				1,
				1,
				0.333,
				1,
				0.467,
				1,
				0.6,
				1,
				1,
				0.622,
				1,
				0.644,
				0,
				0.667,
				0,
				1,
				0.956,
				0,
				1.244,
				0,
				1.533,
				0,
				1,
				1.567,
				0,
				1.6,
				1,
				1.633,
				1,
				1,
				1.867,
				1,
				2.1,
				1,
				2.333,
				1,
				1,
				2.378,
				1,
				2.422,
				0,
				2.467,
				0,
				0,
				8.967,
				0
			]
		},
		{
			"Target": "Parameter",
			"Id": "Param11",
			"Segments": [
				0,
				0,
				0,
				0.733,
				0,
				1,
				0.789,
				0,
				0.844,
				2,
				0.9,
				2,
				1,
				1.378,
				2,
				1.856,
				2,
				2.333,
				2,
				1,
				2.444,
				2,
				2.556,
				1,
				2.667,
				1,
				1,
				4.578,
				1,
				6.489,
				1,
				8.4,
				1,
				1,
				8.456,
				1,
				8.511,
				0,
				8.567,
				0,
				0,
				8.967,
				0
			]
		},
		{
			"Target": "Parameter",
			"Id": "Param12",
			"Segments": [
				0,
				0,
				0,
				1.167,
				0,
				1,
				1.222,
				0,
				1.278,
				1,
				1.333,
				1,
				1,
				3.689,
				1,
				6.044,
				1,
				8.4,
				1,
				1,
				8.544,
				1,
				8.689,
				0,
				8.833,
				0,
				0,
				8.967,
				0
			]
		}
	]
}